{"cameraMode":{"drawMode":0,"name":"Shaded","section":"Shading Mode"},"sceneLighting":true,"audioPlay":false,"sceneViewState":{"showFog":true,"showMaterialUpdate":false,"showSkybox":true,"showFlares":true,"showImageEffects":true,"showParticleSystems":true,"showVisualEffectGraphs":true,"m_FxEnabled":false},"in2DMode":false,"pivot":{"x":268.662841796875,"y":225.16172790527345,"z":20.748565673828126},"rotation":{"x":-0.19992803037166596,"y":-0.015580997802317143,"z":0.0031795070972293617,"w":-0.9796844124794006},"size":139.7355499267578,"orthographic":false}